KMeans_Cluster,Age at enrollment_mean,Age at enrollment_median,Admission grade_mean,Admission grade_median,Curricular units 1st sem (grade)_mean,Curricular units 1st sem (grade)_median,Curricular units 2nd sem (grade)_mean,Curricular units 2nd sem (grade)_median,Debtor_mean,Debtor_median,Gender_mean,Gender_median,Scholarship holder_mean,Scholarship holder_median,Displaced_mean,Displaced_median,Educational special needs_mean,Educational special needs_median,International_mean,International_median
0,0.4348534749902255,0.222222222,0.5120210284139843,0.498214286,0.534831691646072,0.540017986,0.5420403173331515,0.566967384,0.0,0.0,0.26291143844335335,0.0,0.0,0.0,0.04719039825422804,0.0,0.0,0.0,0.0,0.0
1,0.5106363327107762,0.444444444,0.4699781321967952,0.4375,0.11875631147954582,0.0,0.09776295699904494,0.0,0.0,0.0,0.7205390778373216,1.0,0.0,0.0,0.43099697564599143,0.0,0.0,0.0,0.0,0.0
2,0.15077889368395236,0.148148148,0.5160708723363139,0.507142857,0.5600913003498248,0.577225719,0.5697381052251717,0.595836225,0.0,0.0,0.13463209530483533,0.0,0.0,0.0,0.9642046250875963,1.0,0.0,0.0,0.0,0.0
